
<xpert-config xmlns:xsi="http://www.w3.org/2001/XMLSchema-instance">

    <auditing>
        <auditing-impl>com.mycompany.controleestoque.modelo.audit.Auditing</auditing-impl>
        <metadata-impl>com.mycompany.controleestoque.modelo.audit.Metadata</metadata-impl>
        <auditing-listener>com.mycompany.controleestoque.application.AuditingListenerImpl</auditing-listener>
    </auditing>
    
    <entity-manager-factory>com.mycompany.controleestoque.application.EntityManagerFactoryImpl</entity-manager-factory>
    <resource-bundle>bundles.messages</resource-bundle>

</xpert-config>